historical_system,proposed_2026_name,assessment
Digestive,Retain as functional domain,"Strong domain, but reduce broad proxy mappings and separate eating-time from post-meal responses."
Intestinal,"Retain, clarify boundary",Useful gut/intestinal domain. Avoid equating yeast/fungus or generic symptoms with microbiome imbalance.
Circulatory,"Retain, modernise",Strong domain. Lifestyle exposures and symptoms need different treatment from disease claims.
Nervous,"Rename/reframe as Mind, Stress & Cognitive Function","Historical construct is coherent, but current terminology is dated and mixes cognition, sleep and stress."
Immune,Retain as Immune & Resilience,"Use illness frequency, susceptibility and recovery as distinct constructs. Do not infer immune deficiency."
Respiratory,Retain,"Good fit, with persistent/recurrent symptom and environmental exposure distinctions."
Urinary,Retain provisionally,"Needs tighter question membership, especially around nocturia and Q46/Q47/Q48 numbering reconciliation."
Glandular,Reframe as Endocrine & Hormonal Regulation,"Credible working interpretation, but not a measure of hormone levels or endocrine disease."
Structural,Reframe as Musculoskeletal & Physical Function,"Strong modern fit; separate muscle symptoms, joint symptoms, mobility and activity."
